accuracy,precision,recall,f1,roc_auc,classifier,split_type
0.6030425963488844,0.611233967271119,0.5617886178861788,0.5854691802584199,0.6443922188209736,knn,internal
0.6924949290060852,0.6793313069908815,0.7268292682926829,0.7022780832678712,0.7661189559264013,logistic_regression,internal
0.5649797570850202,0.5694502727654217,0.5471774193548387,0.5580917129344026,0.5830331268030422,knn,external
0.6216599190283401,0.6317378180250108,0.5907258064516129,0.6105438633048552,0.67348085496984,logistic_regression,external
