accuracy,precision,recall,f1,roc_auc,classifier,split_type,l2_lambda,C
0.618052738336714,0.6214736842105263,0.6,0.6105480868665977,0.6569511372239228,knn,internal,,
0.49898580121703856,0.49898580121703856,1.0,0.6657645466847091,0.6578990158322635,logistic_regression,internal,0.0244140625,40.96
0.5287449392712551,0.5335392762577229,0.4875,0.5094816687737042,0.5304523177288225,knn,external,,
0.545748987854251,0.5671981776765376,0.40161290322580645,0.4702549575070821,0.5455591070023604,logistic_regression,external,0.0244140625,40.96
