accuracy,precision,recall,f1,roc_auc,classifier,split_type,l2_lambda,C
0.7245436105476674,0.7401918047079338,0.6902439024390243,0.7143458140513252,0.7940936769691584,knn,internal,,
0.5,0.49949238578680205,1.0,0.6662153012863913,0.7752852111517068,logistic_regression,internal,102400.0,9.765625e-06
0.7202429149797571,0.7054640718562875,0.7600806451612904,0.7317546583850931,0.7783239083398898,knn,external,,
0.5230769230769231,0.5128258171286719,0.9995967741935484,0.67787804211102,0.8246059533175978,logistic_regression,external,102400.0,9.765625e-06
