accuracy,precision,recall,f1,roc_auc,classifier,split_type
0.7245436105476674,0.7401918047079338,0.6902439024390243,0.7143458140513252,0.7940936769691584,knn,internal
0.797971602434077,0.7990196078431373,0.7951219512195122,0.7970660146699267,0.8772283664132188,logistic_regression,internal
0.7202429149797571,0.7054640718562875,0.7600806451612904,0.7317546583850931,0.7783239083398898,knn,external
0.7746963562753036,0.7781847781847782,0.7709677419354839,0.7745594490581325,0.8461847626540782,logistic_regression,external
