accuracy,precision,recall,f1,roc_auc,classifier,split_type
0.7261663286004056,0.7363713798977853,0.7028455284552846,0.7192179700499168,0.7910911424903723,knn,internal
0.7939148073022312,0.8059322033898305,0.7731707317073171,0.7892116182572614,0.8815633125966886,logistic_regression,internal
0.7054655870445344,0.6886271623113729,0.7544354838709677,0.7200307869924957,0.7680979543666404,knn,external
0.6983805668016194,0.7219730941704036,0.6491935483870968,0.6836518046709129,0.7634477445580907,logistic_regression,external
