accuracy,precision,recall,f1,roc_auc,classifier,split_type
0.9133874239350913,0.9077416766947453,0.9199186991869919,0.9137896224510398,0.9596989895000165,knn,internal
0.9056795131845842,0.9120198265179678,0.8975609756097561,0.9047326367547633,0.9651530561864323,logistic_regression,internal
0.8651821862348178,0.8699021207177814,0.8600806451612903,0.864963503649635,0.9161690270128509,knn,external
0.81417004048583,0.849910394265233,0.7649193548387097,0.8051782682512734,0.8919771177550485,logistic_regression,external
