accuracy,precision,recall,f1,roc_auc,classifier,split_type
0.9123732251521298,0.9176276771004942,0.9056910569105691,0.911620294599018,0.9583470754748034,knn,internal
0.9401622718052738,0.9493565794935658,0.9296747967479675,0.9394126103922776,0.9832716171291267,logistic_regression,internal
0.8595141700404858,0.8708471760797342,0.8455645161290323,0.8580196399345336,0.9125774488591659,knn,external
0.8884615384615384,0.9330938482263135,0.8379032258064516,0.8829403016783514,0.9546402111198532,logistic_regression,external
