accuracy,precision,recall,f1,roc_auc,classifier,split_type,l2_lambda,C
0.9123732251521298,0.9176276771004942,0.9056910569105691,0.911620294599018,0.9583470754748034,knn,internal,,
0.9231237322515213,0.9337223843268029,0.9105691056910569,0.9220004116073266,0.9730734669694876,logistic_regression,internal,0.032552083333333336,30.72
0.8595141700404858,0.8708471760797342,0.8455645161290323,0.8580196399345336,0.9125774488591659,knn,external,,
0.8530364372469635,0.8989990900818926,0.7967741935483871,0.8448054724241129,0.923811303435615,logistic_regression,external,0.032552083333333336,30.72
